{
  "1087968824": {
    "message_count": 2,
    "favorite_topics": {
      "general": 2
    },
    "last_active": 1779211110.9362488
  },
  "7018133071": {
    "message_count": 1,
    "favorite_topics": {
      "general": 1
    },
    "last_active": 1780144497.1678681
  }
}